Индекс;Символ;Верхняя левая четверть;Верхняя правая четверть;Нижняя левая четверть;Нижняя правая четверть;Удельный вес верхней левой четверти;Удельный вес верхней правой четверти;Удельный вес нижней левой четверти;Удельный вес нижней правой четверти;Центр тяжести x;Центр тяжести y;Нормированный центр тяжести x;Нормированный центр тяжести y;Момент инерции x;Момент инерции y;Нормированный момент инерции x;Нормированный момент инерции y
1;а;38;51;59;61;0.34545454545454546;0.4214876033057851;0.49166666666666664;0.4621212121212121;9.440191387559809;11.913875598086124;0.44953292321713373;0.5179945912211358;10278.449760765548;6569.502392344497;21.280434287299272;13.601454228456515
2;б;65;71;87;78;0.3282828282828283;0.3287037037037037;0.4393939393939394;0.3611111111111111;10.548172757475083;17.963455149501662;0.4586162068467427;0.49898486526393504;33086.59800664452;14702.55149501661;39.95965942831464;17.756704704126342
3;в;59;53;63;66;0.48760330578512395;0.4380165289256198;0.4772727272727273;0.5;10.908713692946058;11.120331950207468;0.495850622406639;0.48349269348728124;12145.510373443984;8031.991701244813;24.00298492775491;15.873501385859315
4;г;54;25;57;1;0.4909090909090909;0.22727272727272727;0.475;0.008333333333333333;7.145985401459854;9.233576642335766;0.3572992700729927;0.40145985401459855;8268.525547445257;2557.0802919708035;17.975055537924472;5.558870199936529
5;д;32;70;47;64;0.19047619047619047;0.4166666666666667;0.2611111111111111;0.35555555555555557;13.690140845070422;13.107981220657276;0.5704225352112676;0.4519993524364578;15948.516431924883;9371.549295774648;22.91453510334035;13.464869677837138
6;е;47;54;65;31;0.42727272727272725;0.4909090909090909;0.5416666666666666;0.25833333333333336;8.48730964467005;11.187817258883248;0.4243654822335025;0.48642683734274994;9200.05076142132;6131.218274111676;20.000110350915914;13.328735378503643
7;ж;72;71;93;93;0.3850267379679144;0.37967914438502676;0.45588235294117646;0.45588235294117646;16.407294832826747;11.285714285714286;0.4825674950831396;0.49068322981366463;17739.142857142855;24221.422492401216;22.68432590427475;30.973686051663957
8;ѕ;44;29;31;57;0.5714285714285714;0.32954545454545453;0.36904761904761907;0.59375;6.950310559006211;11.29192546583851;0.46335403726708074;0.49095328112341347;8011.27950310559;3339.6024844720496;23.22110000900171;9.68000720136826
9;з;30;49;16;58;0.30303030303030304;0.494949494949495;0.14814814814814814;0.5370370370370371;10.34640522875817;10.294117647058824;0.574800290486565;0.44757033248081846;8471.764705882353;3300.6405228758167;20.463199772662687;7.972561649458495
10;и;54;64;69;59;0.3776223776223776;0.44755244755244755;0.4423076923076923;0.3782051282051282;12.426829268292684;11.024390243902438;0.4779549718574109;0.4793213149522799;12833.853658536585;12174.18292682927;21.461293743372217;20.358165429480383
11;i;20;28;40;58;0.2222222222222222;0.25925925925925924;0.4444444444444444;0.5370370370370371;4.917808219178082;21.335616438356166;0.4470734744707347;0.5926560121765602;15212.554794520547;435.01369863013696;38.41554241040542;1.0985194409851944
12;к;60;38;65;59;0.45454545454545453;0.2878787878787879;0.4513888888888889;0.4097222222222222;10.472972972972974;11.324324324324325;0.4363738738738739;0.49236192714453586;12016.648648648648;7553.337837837838;21.769291030160595;13.683583039561302
13;л;27;60;42;59;0.20454545454545456;0.4195804195804196;0.2916666666666667;0.3782051282051282;13.819148936170214;11.164893617021276;0.5527659574468086;0.4854301572617946;11759.88829787234;7629.851063829787;20.451979648473635;13.269306197964847
14;м;72;65;74;74;0.43636363636363634;0.3693181818181818;0.4111111111111111;0.3854166666666667;15.235087719298246;11.035087719298245;0.4914544425580079;0.47978642257818455;13407.649122807017;20725.249122807014;18.804556974483894;29.06767057897197
15;н;59;59;63;63;0.4125874125874126;0.4125874125874126;0.40384615384615385;0.40384615384615385;12.434426229508198;10.959016393442623;0.47824716267339223;0.4764789736279401;12697.590163934423;12147.950819672133;21.233428367783315;20.31429902955206
16;о;46;54;60;50;0.38016528925619836;0.4462809917355372;0.45454545454545453;0.3787878787878788;10.452380952380953;10.99047619047619;0.4751082251082251;0.47784679089026916;8881.980952380953;10716.02380952381;17.553322040278562;21.177912667043103
17;п;60;59;58;58;0.4195804195804196;0.4125874125874126;0.3717948717948718;0.3717948717948718;12.425531914893616;10.519148936170213;0.4779050736497545;0.45735430157261797;13796.663829787234;12027.446808510638;23.071344196968617;20.112787305201735
18;р;79;94;85;26;0.3872549019607843;0.46078431372549017;0.4166666666666667;0.12745098039215685;11.221830985915492;13.721830985915492;0.4675762910798122;0.4035832642916321;27137.024647887323;13197.024647887325;33.25615765672466;16.17282432339133
19;с;37;34;61;35;0.37373737373737376;0.3090909090909091;0.5648148148148148;0.2916666666666667;7.652694610778443;11.838323353293413;0.4027734005672865;0.5147097110127571;8704.634730538923;5233.85628742515;19.919072609928886;11.976787843078148
20;т;44;46;29;32;0.36363636363636365;0.38016528925619836;0.2196969696969697;0.24242424242424243;10.728476821192054;8.940397350993377;0.48765803732691154;0.3887129283040599;9280.46357615894;2979.8675496688743;18.34083710703348;5.889066303693427
21;у;82;52;54;20;0.37104072398190047;0.23529411764705882;0.24434389140271492;0.09049773755656108;10.927884615384615;13.802884615384615;0.4203032544378698;0.40596719457013575;23060.918269230773;6669.9182692307695;26.08701161677689;7.545156413156979
22;ф;80;113;93;134;0.2484472049689441;0.32753623188405795;0.2767857142857143;0.37222222222222223;14.102380952380953;23.783333333333335;0.4862889983579639;0.5060283687943262;53279.283333333326;24308.59761904762;39.08971631205673;17.834627746916816
23;х;61;33;38;63;0.4621212121212121;0.25;0.2638888888888889;0.4375;11.082051282051282;10.907692307692308;0.4617521367521367;0.474247491638796;11284.338461538462;5760.68717948718;20.44264214046823;10.43602749907098
24;ц;66;66;52;69;0.3626373626373626;0.3626373626373626;0.26666666666666666;0.35384615384615387;13.217391304347826;12.383399209486166;0.5083612040133779;0.4270137658443506;16561.810276679844;14137.043478260868;21.965265618938783;18.74939453350248
25;ч;53;56;20;66;0.4015151515151515;0.42424242424242425;0.1388888888888889;0.4583333333333333;12.938461538461539;9.333333333333334;0.5391025641025641;0.4057971014492754;9321.333333333334;7741.261538461538;16.886473429951693;14.024024526198438
26;ш;81;80;96;96;0.3875598086124402;0.3827751196172249;0.42105263157894735;0.42105263157894735;18.48441926345609;11.55240793201133;0.4864320858804234;0.5022786057396231;20647.28045325779;40654.164305949;23.623890678784658;46.51506213495309
27;щ;99;98;78;92;0.37218045112781956;0.3684210526315789;0.2736842105263158;0.32280701754385965;19.149863760217983;12.049046321525886;0.5039437831636311;0.4154843559146857;22965.117166212534;44772.75749318801;20.839489261535874;40.62863656369148
28;ъ;66;13;54;75;0.5;0.09090909090909091;0.375;0.4807692307692308;12.629807692307692;12.033653846153847;0.5051923076923077;0.5232023411371237;10596.764423076922;7838.495192307693;18.429155518394648;13.632165551839467
29;ы;63;55;84;102;0.35795454545454547;0.29411764705882354;0.4375;0.5;15.80921052631579;12.12828947368421;0.47906698564593303;0.5273169336384439;15441.99671052632;26812.934210526317;20.345186706885798;35.3266590389016
30;ь;55;8;60;68;0.5;0.06611570247933884;0.5;0.5151515151515151;9.471204188481675;12.842931937172775;0.4510097232610321;0.5583883450944684;8715.287958115183;5749.591623036648;18.044074447443442;11.903916403802585
31;ѣ;102;22;83;85;0.4358974358974359;0.09401709401709402;0.3547008547008547;0.36324786324786323;12.41095890410959;20.46232876712329;0.47734457323498425;0.5683980213089802;28862.58561643836;10542.684931506848;30.836095744058074;11.263552277250906
32;ю;85;72;93;80;0.4292929292929293;0.36363636363636365;0.4305555555555556;0.37037037037037035;17.496969696969696;11.021212121212121;0.48602693602693603;0.47918313570487486;15048.851515151513;38170.49696969697;18.1749414434197;46.099634021373156
33;ѵ;61;43;42;20;0.3961038961038961;0.2792207792207792;0.25;0.11904761904761904;12.813253012048193;8.397590361445783;0.4576161790017212;0.3651126244106862;6479.759036144578;7153.210843373494;10.061737633764873;11.10747025368555
34;ѯ;52;74;70;72;0.26;0.37;0.35;0.36;9.619402985074627;20.62313432835821;0.4809701492537314;0.5155783582089553;38692.93656716417;8071.179104477612;48.36617070895522;10.088973880597015
35;ѱ;95;113;48;55;0.37254901960784315;0.41544117647058826;0.18823529411764706;0.20220588235294118;14.794212218649518;12.67524115755627;0.47723265221450056;0.3728012105163609;21012.199356913185;16720.82958199357;19.93567301414913;15.864164688798454
36;ѡ;59;79;59;58;0.3575757575757576;0.44886363636363635;0.3277777777777778;0.3020833333333333;14.670588235294117;9.709803921568627;0.4732447817836812;0.4221653878942881;9262.525490196078;18836.329411764706;12.990919341088468;26.41841432225064
37;ѳ;62;58;64;65;0.512396694214876;0.4793388429752066;0.48484848484848486;0.49242424242424243;10.44578313253012;10.899598393574298;0.47480832420591457;0.4738955823293173;9136.489959839357;11007.518072289156;18.056304268457225;21.753988285156435
38;ѧ;23;37;74;80;0.1393939393939394;0.21022727272727273;0.4111111111111111;0.4166666666666667;15.406542056074766;13.995327102803738;0.49698522761531505;0.6084924827305973;8180.9953271028035;9061.630841121496;11.474046742079668;12.709159664967036
39;ѫ;58;37;95;95;0.31016042780748665;0.19786096256684493;0.46568627450980393;0.46568627450980393;16.210526315789473;12.463157894736842;0.4767801857585139;0.5418764302059497;14802.863157894735;16361.368421052632;18.929492529277155;20.922466011576255
